pl_name,hostname,default_flag,pl_orbper,pl_orbsmax,pl_rade,pl_bmasse,pl_orbeccen,pl_insol,pl_eqt,st_teff,st_rad,st_mass,sy_dist,g_fraction,intensity_index
CoRoT-22 b,CoRoT-22,1,9.75598,0.092,4.88,12.2,0.077,,885,5939,1.136,1.099,627.158,0.7700683077,3
CoRoT-24 b,CoRoT-24,1,5.1134,0.056,3.7,5.7,0,,1070,4950,0.86,0.91,591.555,0.6258647202,4
CoRoT-25 b,CoRoT-25,1,4.86069,0.0578,12.11,85.81,0,,1330,6040,1.19,1.09,1103.48,0.879546246,2
CoRoT-25 b,CoRoT-25,0,4.86069,0.05789,12.10572,93.12419,0.22,,,6040,1.19,1.09,1103.48,0.9551912217,1
CoRoT-5 b,CoRoT-5,0,4.0378962,0.04963,15.558092,151.92274,0.087,,,6100,1.186,1,882.472,0.9434506274,2
CoRoT-5 b,CoRoT-5,1,4.0378962,0.04947,15.558,148.42,0.09,,1438,6100,1.186,1,882.472,0.9217092726,2
EPIC 211945201 b,EPIC 211945201,0,19.491,,5.5,11,,101,809,6019,1.387,1.17,181.69,0.5466084861,5
EPIC 220674823 c,EPIC 220674823,0,13.33918,,3.01,5,,71,740,5496,0.995,0.91,244.59,0.8295567028,3
EPIC 249893012 d,EPIC 249893012,1,35.747,0.22,3.94,10.18,0.15,53,752,5430,1.71,1.05,321.296,0.9857445804,1
GJ 3470 b,GJ 3470,0,3.33665,0.03557,4.83,13.9,,,,3600,0.568,0.539,29.4214,0.8956320007,2
GJ 9827 c,GJ 9827,0,3.6480957,0.03925,1.241,0.84,0,,,4340,0.602,0.606,29.661,0.8198696061,3
GJ 9827 d,GJ 9827,0,6.20142,0.0611,2.04,2.35,,29,646,4219,0.622,0.637,29.661,0.8488219294,2
HAT-P-12 b,HAT-P-12,0,3.21305992,0.03767,10.301071,63.88383,,,955,4665,0.679,0.691,142.751,0.9049722201,2
HAT-P-12 b,HAT-P-12,1,3.2130598,0.0384,10.749,67.059,0,,963,4650,0.701,0.733,142.751,0.8724288341,2
HAT-P-12 b,HAT-P-12,0,3.21305929,0.03838,10.749431,66.235772,0.035,,,4650,0.701,0.73,142.751,0.8616496451,2
HAT-P-12 b,HAT-P-12,0,3.2130579,,10.637341,67.06213,0,,975,4650,0.701,0.733,142.751,0.8908821219,2
HAT-P-12 b,HAT-P-12,0,3.21,,10.76064,66.7443,,,960,4652.87,0.703594,0.74,142.751,0.8664570542,2
HAT-P-18 b,HAT-P-18,0,5.508023,0.05596,11.152955,63.566,0.087,,,4803,0.749,0.77,161.4,0.7681641721,3
HAT-P-18 b,HAT-P-18,0,5.507978,0.0559,10.614923,62.29468,0.009,,841,4870,0.717,0.77,161.4,0.8310484171,3
HAT-P-18 b,HAT-P-18,1,5.508023,0.0559,11.153,62.61,0.084,,852,4803,0.749,0.77,161.4,0.7566052719,3
HAT-P-19 b,HAT-P-19,0,4.008778,0.04664,12.688588,90.26372,0.024,,,4990,0.82,0.842,202.078,0.8427440589,2
HAT-P-19 b,HAT-P-19,0,4.008778,0.0466,12.689,92.802,0.067,,1010,4990,0.82,0.842,202.078,0.8663863569,2
HAT-P-26 b,HAT-P-26,1,4.23452,,7.06167,22.2481,0.12,,,5079,0.87,1.12,141.837,0.6706364501,4
HAT-P-26 b,HAT-P-26,0,4.234516,0.0479,6.333,18.751,0.124,,1001,5079,0.788,0.816,141.837,0.7027721157,4
HAT-P-32 b,HAT-P-32,1,2.1500082,0.03397,22.19382,216.1244,0.159,1841,1835.7,6001,1.367,1.132,289.205,0.6595515502,4
HAT-P-32 b,HAT-P-32,0,2.15000825,0.03427,20.052901,238.3725,0.044,,,6207,1.219,1.16,289.205,0.8910678931,2
HAT-P-33 b,HAT-P-33,0,3.474474,0.04995,18.898374,209.7678,0.22,,,6446,1.637,1.375,396.11,0.8828745709,2
HAT-P-39 b,HAT-P-39,0,3.54387,0.05095,17.609339,180.84527,0.17,,,6430,1.625,1.404,697.004,0.8766578167,2
HAT-P-39 b,HAT-P-39,1,3.54387,0.0509,17.609,190.372,0,,1752,6430,1.625,1.404,697.004,0.9228747191,2
HAT-P-40 b,HAT-P-40,0,4.457243,0.06076,19.39157,184.65923,0.12,,,6080,2.206,1.512,464.469,0.7381661729,3
HAT-P-40 b,HAT-P-40,1,4.45724,,17.03768,152.5584,0,,,6080,1.94,1.03,464.469,0.7899948766,3
HAT-P-40 b,HAT-P-40,0,4.457243,0.0608,19.392,195.457,0,,1770,6080,2.206,1.512,464.469,0.7812950762,3
HAT-P-44 b,HAT-P-44,1,4.301219,0.0507,13.922,111.871,0.044,,1108,5295,0.949,0.942,347.85,0.8676075547,2
HAT-P-51 b,HAT-P-51,0,4.2180278,0.05067,14.493237,98.84513,0.07,,,5449,1.041,0.976,440.089,0.7073486883,4
HAT-P-51 b,HAT-P-51,1,4.21802091,0.05042,13.50682174,97.57332095,,310,1168.2,5453,0.995,0.961,440.089,0.8039588383,3
HAT-P-51 b,HAT-P-51,0,4.2180278,0.05069,14.493237,98.20947,0.123,,1192,5449,1.041,0.976,440.089,0.7027998221,4
HAT-P-58 b,HAT-P-58,1,4.0138379,0.04994,14.93036229,118.2321674,0.073,1146,1622,6078,1.53,1.031,515.59,0.7972674295,3
HAT-P-60 b,HAT-P-60,1,4.7947813,0.06277,18.28184752,182.4335056,0.25,1634,1772,6212,2.197,1.435,233.22,0.8204903969,3
HAT-P-64 b,HAT-P-64,1,4.007232,0.05387,19.08889413,184.3404761,0.101,1611,1766,6457,1.735,1.298,651.897,0.7604457375,3
HAT-P-65 b,HAT-P-65,1,2.60544751,0.04042,18.05766791,176.0769375,,1821,1818,5872,1.666,1.297,738.519,0.8116863001,3
HAT-P-65 b,HAT-P-65,0,2.6054552,0.03951,21.18501,167.49641,0.304,,1930,5835,1.86,1.212,738.519,0.560992713,5
HAT-P-67 b,HAT-P-67,1,4.8101025,0.06505,23.370765,108.0622,0,,1903,6406,2.546,1.642,371.686,0.2973972934,7
HATS-26 b,HATS-26,1,3.3023881,0.04735,19.61575,206.5895,0.245,,1918,6071,2.04,1.299,861.843,0.8070630652,3
HATS-27 b,HATS-27,1,4.637038,0.0611,16.8135,168.4499,0.581,,1659,6438,1.74,1.415,816.988,0.8957020428,2
HATS-38 b,HATS-38,1,4.375021,0.05036,6.882326,23.51942,0,464.7,1294,5732,1.105,0.89,343.525,0.7463889318,3
HATS-39 b,HATS-39,1,4.5776348,0.06007,17.59813,200.2329,0.275,,1645,6572,1.621,1.379,878.521,0.9718773433,1
HATS-43 b,HATS-43,1,4.3888497,0.04944,13.22662,82.95363,0.173,,1003,5099,0.812,0.837,362.273,0.7127655584,4
HATS-46 b,HATS-46,1,4.7423729,0.05367,10.121727,54.98459,0.559,,1054,5495,0.853,0.917,453.808,0.8067534211,3
HATS-56 b,HATS-56,1,4.324799,0.06043,18.920792,191.33366,0.019,,1902,6536,2.201,1.573,564.409,0.8033814873,3
HATS-62 b,HATS-62,1,3.2768837,0.04163,11.825495,56.89157,0.298,387.4,1237,5416,0.933,0.896,523.067,0.6115307854,4
HATS-72 b,HATS-72,1,7.3279474,0.066517,8.0973816,39.855882,0.013,49.58,739.3,4656.1,0.7214,0.7311,127.589,0.913718199,2
HATS-8 b,HATS-8,1,3.583893,0.04667,9.785457,43.86054,0.376,,1324,5679,1.086,1.056,794.637,0.6885267412,4
HATS-8 b,HATS-8,0,3.583893,0.04668,9.785457,46.08535,0.25,,,5679,1.086,1.056,794.637,0.7234520108,3
HD 100546 b,HD 100546,1,,53,77.3421,2701.54146,,,,10500,,2.4,109.677,0.6788733822,4
HD 106315 c,HD 106315,0,21.05731,,4.98,14.6,0.052,,,6256,1.31,1.079,109.353,0.8849184173,2
HD 106315 c,HD 106315,0,21.05652,,4.379,12,,97,799,6364,1.269,1.154,109.353,0.9406767701,2
HD 191939 c,HD 191939,0,28.579889,0.171,3.1823776,6.1,0,,554.51,5385,0.934,0.8222,53.6089,0.9053895569,2
HD 191939 d,HD 191939,0,38.352562,0.209,3.1168896,2.2,0,,502.73,5385,0.934,0.8222,53.6089,0.3403994932,7
HD 191939 d,HD 191939,1,38.353037,0.2132,2.995,2.8,0.031,14.3,540,5348,0.94,0.81,53.6089,0.4692166792,6
HD 191939 d,HD 191939,0,38.3525,0.207,3.04,5.8,0,,549,5348,0.94,0.81,53.6089,0.9433870059,2
HD 23472 f,HD 23472,1,12.1621839,0.0906,1.137,0.77,0.07,26.3,630,4684,0.71,0.67,39.0341,0.895321182,2
HD 28109 c,HD 28109,1,56.00819,0.308,4.23,7.943,0.1203,,585.2,6120,1.446,1.26,139.611,0.6672873494,4
HD 28109 d,HD 28109,1,84.25999,0.411,3.25,5.681,0.0864,,506.5,6120,1.446,1.26,139.611,0.8084759978,3
HD 42813 b,HD 42813,0,13.630828,0.11,3.42633318,5.9,0,,703.39,5323,0.9839,0.9452,68.192,0.7554433308,3
HD 42813 b,HD 42813,0,13.63083,0.109,3.36,5.8,0,54.1,755,5240,0.97,0.94,68.192,0.772251041,3
HD 89345 b,HD 89345,1,11.8143,0.1066,7.39794,34.9613,0.22,,1089,5576,1.747,1.157,132.345,0.9602294628,1
HIP 41378 c,HIP 41378,1,31.70603,,2.727,4.4,,54,757,6320,1.273,1.16,106.289,0.8893884071,2
HIP 41378 d,HIP 41378,1,278.3618,,3.54,4.6,,3.01,367,6320,1.273,1.16,106.289,0.551772906,5
HIP 41378 e,HIP 41378,1,369,,4.92,12,,2.1,335,6320,1.273,1.16,106.289,0.7451781364,3
HIP 41378 f,HIP 41378,1,542.07975,,9.2,12,,1.24,294,6320,1.273,1.16,106.289,0.2131153124,8
HIP 9618 b,HIP 9618,1,20.772858,0.145,3.82838127,8.3,0,,640.88,5649,0.9593,0.942,67.5478,0.8512493443,2
HIP 9618 b,HIP 9618,0,20.77288,0.144,3.75,8.4,0.13,36.8,685,5550,0.95,0.93,67.5478,0.8978955399,2
HIP 9618 b,HIP 9618,0,20.772907,0.1438,3.9,10,0.22,40.3,663.4,5609,0.9662,1.022,67.5478,0.9882796428,1
HIP 9618 c,HIP 9618,1,52.56363,0.269,3.42855926,7,0,,470.31,5649,0.9593,0.942,67.5478,0.8951251985,2
K2-100 b,K2-100,0,1.67389,,3.57,8,,2100,1720,6044,1.227,1.21,188.959,0.9435450019,2
K2-138 f,K2-138,1,12.75758,0.10447,2.904,1.63,0.062,,,5356.3,0.863,0.935,202.585,0.2905383354,7
K2-138 g,K2-138,1,41.96797,0.23109,3.013,4.32,0.059,,,5356.3,0.863,0.935,202.585,0.7153104128,4
K2-141 c,K2-141,1,7.7485,0.0683,7,8,0.092,39.1,695,4570,0.681,0.708,61.8736,0.245416055,8
K2-141 c,K2-141,0,7.7485,,7,7.4,0,,,4599,0.681,0.708,61.8736,0.2270098509,8
K2-19 b,K2-19,1,7.9222,,7,32.4,0.2,,,5322,0.82,0.88,289.827,0.9939350227,1
K2-19 b,K2-19,0,7.9194,,7.74,28.5,0,,,5430,0.86,0.93,289.827,0.7151086022,4
K2-19 b,K2-19,0,7.9222,,7,32.4,,87,779,5322,0.82,0.88,289.827,0.9939350227,1
K2-19 c,K2-19,1,11.8993,,4.1,10.8,0.21,,,5322,0.82,0.88,289.827,0.9657508648,1
K2-19 c,K2-19,0,11.8993,,4.1,10.8,,51,679,5322,0.82,0.88,289.827,0.9657508648,1
K2-24 b,K2-24,0,20.88977,,5.4,19,,52,686,5625,1.16,1.07,170.562,0.97943393,1
K2-24 b,K2-24,0,20.8851,,5.68,19.8,0,,,5743,1.21,1.12,170.562,0.9225238068,2
K2-24 b,K2-24,0,20.8851,0.154,5.68,21,0,60,767,5743,1.21,1.12,170.562,0.9784343406,1
K2-24 b,K2-24,1,20.88977,,5.4,19,0.06,,,5625,1.16,1.07,170.562,0.97943393,1
K2-24 c,K2-24,0,42.3633,0.247,7.82,27,0,24,606,5743,1.21,1.12,170.562,0.6636809036,4
K2-24 c,K2-24,1,42.3391,,7.5,15.4,0.07,,,5625,1.16,1.07,170.562,0.4115354557,6
K2-24 c,K2-24,0,42.3633,,7.82,26,0,,,5743,1.21,1.12,170.562,0.6391001294,4
K2-24 c,K2-24,0,42.3391,,7.5,15.4,,20,542,5625,1.16,1.07,170.562,0.4115354557,6
K2-261 b,K2-261,0,11.63395,,10.32,56,,212,973,5478,1.679,1.09,213.283,0.790383192,3
K2-261 b,K2-261,0,11.633478,0.1034,9.52763359,59.75174052,0.286,180,1046,5445,1.642,1.09,213.283,0.9894401522,1
K2-266 c,K2-266,1,7.814,0.0679,0.705,0.29013072,0.042,32.4,664.5,4285,0.703,0.686,77.5586,0.8774543785,2
K2-280 b,K2-280,1,19.89526,0.1461,7.5,37.1,0.35,,787,5500,1.28,1.03,391.537,0.9914263251,1
K2-3 d,K2-3,0,44.556456,0.2097,1.62,1.6,0.097,1.6,312,3835,0.6,0.62,44.0727,0.9164294082,2
K2-3 d,K2-3,0,44.55764,0.2097,1.65,1.8,,,,3835,0.6,0.62,44.0727,0.9938336111,1
K2-31 b,K2-31,0,1.25784906,,46,551,,1930,1688,5340,1.138,0.92,110.527,0.3914217904,6
K2-32 b,K2-32,0,8.99213,0.08036,5.13,16.5,0,77.7,817,5275,0.845,0.856,157.682,0.9424499108,2
K2-32 b,K2-32,0,8.99196,,5.038,16.3,,79.5,761,5274,0.855,0.84,157.682,0.9653400882,1
K2-32 b,K2-32,1,8.992,0.0795,5.299,15,0.03,,837,5271,0.86,0.83,157.682,0.8029943392,3
K2-32 c,K2-32,0,20.66093,,3.01,5.7,,26.2,577,5274,0.855,0.84,157.682,0.9456946413,1
K2-32 d,K2-32,1,31.71701,0.18422,3.484,6.7,0.05,,550,5271,0.86,0.83,157.682,0.8297123866,3
K2-79 b,K2-79,0,10.99497,,3.99,3.8,,174,925,5853,1.247,1.01,256.011,0.3587954021,7
K2-79 b,K2-79,1,10.9947,0.0988,4.09,9.2,0.23,181,1022,5897,1.265,1.066,256.011,0.8267044494,3
KELT-11 b,KELT-11,0,4.7361,,15.13215,54.34893,0.0007,,,5375,2.69,1.44,99.1596,0.3567785915,7
KELT-11 b,KELT-11,0,4.736529,0.06229,15.35633,61.97685,0,1433,1712,5370,2.72,1.438,99.1596,0.3950605739,6
KELT-11 b,KELT-11,1,4.73620865,0.0623,15.13212395,65.15482343,0,,1712,5375,2.69,1.44,99.1596,0.4277163537,6
KELT-8 b,KELT-8,0,3.24406,0.04571,20.84874,275.55861,0.035,,1675,5754,1.67,1.211,197.572,0.9529353159,1
KELT-8 b,KELT-8,0,3.24406,0.0455,20.84874,272.69814,0.047,,,5754,1.67,1.211,197.572,0.9430432538,2
KELT-8 b,KELT-8,1,3.24406,,18.15858,209.7678,0.04,,,5754,1.46,0.81,197.572,0.9562779011,1
KOI-142 b,KOI-142,0,10.95416,,3.78,8.7,0.05593,,,5471,0.88,0.956,376.863,0.9152604931,2
KOI-1783.02,KOI-1783,1,284.215,,5.44,15,0,2.49,,5922,1.143,1.076,865.73,0.7619079818,3
KOI-351 g,KOI-351,0,210.6031105,0.716852204,7.718,22.70577859,0,,,,,1.108,848.254,0.5729753173,5
KOI-94 c,KOI-94,0,10.424,,3.8,7.8,,,,,,1.1,477.052,0.8119634368,3
KOI-94 c,KOI-94,0,10.42367777,0.098600547,3.864,6.20425926,0,,,,,1.177,477.052,0.6246327713,4
KOI-94 d,KOI-94,0,22.343,,10.1,58.4,,,,,,1.1,477.052,0.860556052,2
KOI-94 e,KOI-94,0,54.31998605,0.296372865,6.116,8.09386174,0,,,,,1.177,477.052,0.3252594262,7
Kepler-105 b,Kepler-105,0,5.412,,5.52,5.1,,,,,1.332,1.09,459.223,0.251594466,8
Kepler-109 c,Kepler-109,0,21.22258525,0.15125625,2.539,1.75481886,0,,,,,1.025,474.861,0.4091814672,6
Kepler-11 b,Kepler-11,1,10.3039,0.091,1.8,1.9,0.045,,,5663,1.065,0.961,646.346,0.8814905369,2
Kepler-11 c,Kepler-11,1,13.0241,0.107,2.87,2.9,0.026,,,5663,1.065,0.961,646.346,0.529228554,5
Kepler-11 d,Kepler-11,0,22.68719,0.159,3.43,6.1,0,,,5680,1.1,0.95,646.346,0.7793825153,3
Kepler-11 d,Kepler-11,0,22.687,,3.3,6.8,,,,,,0.9,646.346,0.9386206327,2
Kepler-11 e,Kepler-11,0,31.995,,4,6.7,,,,,,0.9,646.346,0.6294538348,4
Kepler-11 e,Kepler-11,0,31.995,,3.98,7,,,,,1.046,0.92,646.346,0.664264372,4
Kepler-11 e,Kepler-11,1,31.9996,0.195,4.19,8,0.012,,,5663,1.065,0.961,646.346,0.6849691386,4
Kepler-11 e,Kepler-11,0,31.9959,0.194,4.52,8.4,0,,,5680,1.1,0.95,646.346,0.6180327369,4
Kepler-11 e,Kepler-11,0,31.99550624,0.196317107,4.037,7.94932235,0,,,,,0.986,646.346,0.7331986778,3
Kepler-11 f,Kepler-11,0,46.68876,0.25,2.61,2.3,0,,,5680,1.1,0.95,646.346,0.5075231829,5
Kepler-11 f,Kepler-11,1,46.6888,0.25,2.49,2,0.013,,,5663,1.065,0.961,646.346,0.484886804,6
Kepler-11 f,Kepler-11,0,46.686,,2.37,2.5,,,,,1.046,0.92,646.346,0.6690404568,4
Kepler-11 f,Kepler-11,0,46.686,,2.6,1.7,,,,,,0.9,646.346,0.3780169633,7
Kepler-113 c,Kepler-113,0,8.925076369,0.077909342,2.662,1.05528989,0,,,,,0.792,262.351,0.223853938,8
Kepler-114 d,Kepler-114,1,11.776,,2.53,3.9,,,,,0.54,0.56,259.533,0.9158674582,2
Kepler-117 b,Kepler-117,1,18.7959228,0.1445,8.059,29.875,0.0493,,984,6150,1.606,1.129,1455.57,0.6914402644,4
Kepler-12 b,Kepler-12,1,4.4379629,0.0553,19.660586,137.30256,,,1480,5947,1.483,1.166,881.386,0.5339428582,5
Kepler-12 b,Kepler-12,0,4.4379637,0.0555,19.122554,136.6669,,,1485,5947,1.49,1.157,881.386,0.5617985515,5
Kepler-12 b,Kepler-12,0,4.4379637,0.0556,18.999,136.979,0.01,,,5947,1.483,1.166,881.386,0.5704289646,5
Kepler-12 b,Kepler-12,0,4.4379637,0.05563,18.999255,137.62039,0.021,,,5950,1.483,1.166,881.386,0.5730845555,5
Kepler-126 c,Kepler-126,0,21.86967617,0.158373071,1.608,1.27942148,0,,,,,1.108,237.401,0.7437904752,3
Kepler-128 b,Kepler-128,0,15.09,,1.43,0.77,,,,,1.61,1.09,396.379,0.5660147046,5
Kepler-128 c,Kepler-128,0,22.804,,1.34,0.9,,,,,1.61,1.09,396.379,0.7534283823,3
Kepler-138 b,Kepler-138,0,10.31368,0.076,0.701,0.187,0.006,,,,0.582,0.551,66.8624,0.5720245054,5
Kepler-138 b,Kepler-138,0,10.3126,,0.522,0.066,,6.81,,3841,0.442,0.521,66.8624,0.3640927182,7
Kepler-138 b,Kepler-138,1,10.3134,0.0753,0.64,0.07,0.02,9.9,452,3841,0.535,0.535,66.8624,0.2568899746,8
Kepler-138 c,Kepler-138,0,13.781,,1.75,1.6,,,,,0.553,0.593,66.8624,0.7853313759,3
Kepler-138 d,Kepler-138,0,23.09302,0.1301,1.68,1.17,0.027,,,,0.582,0.551,66.8624,0.6231267021,4
Kepler-138 d,Kepler-138,0,23.0881,,1.212,0.64,,2.32,,3841,0.442,0.521,66.8624,0.6549132816,4
Kepler-138 d,Kepler-138,0,23.08933,,1.61,1.01,0.024,,,3871,0.54,0.57,66.8624,0.5857046681,5
Kepler-1513 b,Kepler-1513,1,160.8842,,8.594,48.30991786,0.306,,,5491,0.95,0.943,349.247,0.9832289651,1
Kepler-1710 b,Kepler-1710,0,14.91094205,0.115769227,2.587,3.49494179,0,,,,,0.931,305.193,0.784975592,3
Kepler-177 b,Kepler-177,0,36.855,,2.9,2,,,,,1.07,1.07,1435.44,0.3574728507,7
Kepler-177 b,Kepler-177,0,36.855,,3.1,5.4,,,,,,1,1435.44,0.8446551528,2
Kepler-177 b,Kepler-177,1,36.8601,,3.5,5.84,0,30.4,,5732,1.324,0.921,1435.44,0.7166148805,4
Kepler-177 c,Kepler-177,0,49.412,,7.1,7.5,,,,,1.07,1.07,1435.44,0.223642135,8
Kepler-177 c,Kepler-177,1,49.40926,,8.73,14.7,0,25.4,,5732,1.324,0.921,1435.44,0.2899331746,7
Kepler-177 c,Kepler-177,0,49.412,,7.3,13.5,,,,,,1,1435.44,0.380800151,7
Kepler-18 c,Kepler-18,1,7.64159,0.0752,5.49,17.3,0,,,5345,1.108,0.972,433.047,0.8628006783,2
Kepler-18 d,Kepler-18,0,14.859,,6.63,15.7,,,,,1.055,0.88,433.047,0.5368854808,5
Kepler-18 d,Kepler-18,0,14.859,,6,14.9,,,,,,0.9,433.047,0.6221467421,4
Kepler-18 d,Kepler-18,1,14.85888,0.1172,6.98,16.4,0,,,5345,1.108,0.972,433.047,0.5059901545,5
Kepler-223 c,Kepler-223,1,9.84564,,3.44,5.1,0.15,,,,1.72,1.125,1859.71,0.6478319377,4
Kepler-223 d,Kepler-223,0,14.787,,3.8,5.9,,,,,,1.1,1859.71,0.6141774714,4
Kepler-223 d,Kepler-223,1,14.78869,,5.24,8,0.037,,,,1.72,1.125,1859.71,0.4379620467,6
Kepler-223 e,Kepler-223,1,19.72567,,4.6,4.8,0.051,,,,1.72,1.125,1859.71,0.3409844999,7
Kepler-25 c,Kepler-25,1,12.7207,,5.217,15.2,0.0061,,,,1.316,1.165,243.249,0.8394812068,2
Kepler-26 b,Kepler-26,1,12.28,,2.78,5.12,,7.6,,3914,0.512,0.544,335.307,0.9958396931,1
Kepler-26 b,Kepler-26,0,12.28,,2.9,5.02,,,,,0.54,0.54,335.307,0.897256855,2
Kepler-26 b,Kepler-26,0,12.28,,3.22,4.85,0.021,,,4124,0.595,0.593,335.307,0.7031355545,4
Kepler-27 c,Kepler-27,0,31.33,,7.17,21.2,,,,,0.863,0.98,1044.36,0.6198785568,4
Kepler-279 c,Kepler-279,0,35.735,,5.5,7.4,,,,,,1.2,1037.4,0.3677184361,7
Kepler-279 d,Kepler-279,0,54.414,,4.3,4.5,,,,,,1.2,1037.4,0.3658345059,7
Kepler-28 b,Kepler-28,1,5.91,,1.959,1.63,,,,4499.3,0.664,0.684,438.359,0.63845133,4
Kepler-28 c,Kepler-28,1,8.99,,1.857,2.06,0.017,,,4499.3,0.664,0.684,438.359,0.8979506652,2
Kepler-289 b,Kepler-289,1,34.5383,,2.49,3.7,,,,5990,1,1.08,704.438,0.8970405873,2
Kepler-289 d,Kepler-289,0,66.0634,0.33,2.68,4,,,,5990,1,1.08,704.438,0.8371426468,2
Kepler-289 d,Kepler-289,1,66.0282,,3.03,5.33,,,,5990,1,1.08,704.438,0.8726719477,2
Kepler-29 b,Kepler-29,0,10.3384,,3.35,4.51,,96,,5701,0.932,0.979,832.532,0.604082134,5
Kepler-29 c,Kepler-29,0,13.2884,,3.14,4,,69,,5701,0.932,0.979,832.532,0.6098313671,5
Kepler-30 d,Kepler-30,1,143.34394,0.5,8.8,23.1,0.022,,,5498,0.95,0.99,914.221,0.4483897738,6
Kepler-305 b,Kepler-305,0,5.487,,3.66,7.2,,,,,0.803,0.76,868.477,0.8079405196,3
Kepler-305 c,Kepler-305,0,8.291,,3.35,4.5,,,,,0.803,0.76,868.477,0.6027427058,5
Kepler-305 c,Kepler-305,1,8.291,,3.3,6,,,,,0.8,0.76,868.477,0.8281946759,3
Kepler-307 b,Kepler-307,0,10.416,,3.2,3.1,,,,,1.08,0.98,575.581,0.4550622406,6
Kepler-307 b,Kepler-307,0,10.416,,3.21,2.1,,,,,1.084,0.98,575.581,0.3063502884,7
Kepler-307 c,Kepler-307,0,13.073,,2.72,3.9,,,,,0.99,0.95,575.581,0.7923843011,3
Kepler-307 c,Kepler-307,0,13.084,,2.7,3.9,,,,,,0.9,575.581,0.8041668057,3
Kepler-307 c,Kepler-307,0,13.084,,2.8,1.5,,,,,1.08,0.98,575.581,0.2875969394,7
Kepler-307 c,Kepler-307,0,13.084,,2.81,1.9,,,,,1.084,0.98,575.581,0.3617012627,7
Kepler-33 c,Kepler-33,0,13.176,,2.6,0.39,,,,,1.69,1.1,1209.16,0.08672153866,9
Kepler-33 d,Kepler-33,0,21.776,,4.6,4.1,,,,,,1.1,1209.16,0.2912575935,7
Kepler-33 d,Kepler-33,0,21.776,,4.58,3.91,,,,,1.69,1.1,1209.16,0.2801914411,7
Kepler-33 d,Kepler-33,0,21.776,,4.98,11.7,,,,,1.694,1.1,1209.16,0.7091469508,4
Kepler-33 e,Kepler-33,0,31.784,,3.53,5.57,,,,,1.69,1.1,1209.16,0.6719157915,4
Kepler-33 e,Kepler-33,0,31.784,,3.5,5.5,,,,,,1.1,1209.16,0.6748941512,4
Kepler-33 f,Kepler-33,0,41.029,,4,9.65,,,,,1.69,1.1,1209.16,0.9066014187,2
Kepler-33 f,Kepler-33,0,41.028,,4,9.6,,,,,,1.1,1209.16,0.901904002,2
Kepler-35 b,Kepler-35,1,131.458,0.60347,8.16,40.363,0.042,,,5606,1.0284,0.8877,1819.17,0.9111967962,2
Kepler-350 c,Kepler-350,1,17.849,,3.1,6.1,,,,,1.25,1,956.859,0.9541474874,1
Kepler-351 b,Kepler-351,0,37.053,,3.03,4.8,,,,,0.841,0.91,1083.91,0.7858959379,3
Kepler-359 c,Kepler-359,0,57.693,,4.8,2.9,,,,,,1.1,1443.21,0.189201505,8
Kepler-359 d,Kepler-359,0,77.083,,4.6,2.7,,,,,,1.1,1443.21,0.1918037812,8
Kepler-36 b,Kepler-36,0,13.84984283,0.114132657,1.486,1.08548813,0,,,,,1.034,527.956,0.7389184721,3
Kepler-36 c,Kepler-36,1,16.21865,,3.679,7.13,0,191,,5979,1.634,1.034,527.956,0.7918428832,3
Kepler-36 c,Kepler-36,0,16.233,,3.8,7.5,,,,,,1,527.956,0.7807340738,3
Kepler-36 c,Kepler-36,0,16.23855,0.1283,3.679,8.08,0.033,,928,5911,1.626,1.071,527.956,0.8973478958,2
Kepler-37 d,Kepler-37,1,39.7922622,0.2109,2.03,2,0.1,10.39,499,5357,0.789,0.79,63.9207,0.7295364297,3
Kepler-396 c,Kepler-396,1,88.505,,5.3,17.9,,,,,1.06,0.85,223.757,0.9578783455,1
Kepler-425 b,Kepler-425,1,3.79701816,0.0464,10.962,79.45,0.33,,1070,5170,0.86,0.93,646.647,0.9938557844,1
Kepler-425 b,Kepler-425,0,3.79701816,0.04652,10.962402,71.82958,0.2,,,5170,0.86,0.93,646.647,0.898464543,2
Kepler-427 b,Kepler-427,1,10.290994,0.091,13.79,92.17,0.57,,1100,5800,1.35,0.96,1017.8,0.7285680444,3
Kepler-427 b,Kepler-427,0,10.290994,0.0913,13.78707,92.80636,0.27,,,5800,1.35,0.96,1017.8,0.7339100616,3
Kepler-435 b,Kepler-435,0,8.6001536,0.0949,22.30591,270.1555,0.18,,,6090,3.21,1.538,1418.77,0.8161744328,3
Kepler-435 b,Kepler-435,1,8.6001536,0.0948,22.31,266.97,0.114,,1729,6161,3.21,1.538,1418.77,0.8062549325,3
Kepler-444 e,Kepler-444,0,7.743,,0.5,0.1,,,,,,0.7,36.4396,0.6012693347,5
Kepler-450 b,Kepler-450,0,28.4548844,,6.0834,19.4,,,,,1.6,1.334,455.982,0.7879851748,3
Kepler-453 b,Kepler-453,1,240.503,0.7903,6.204,16,0.0359,,,5527,0.833,0.944,442.846,0.6248639474,4
Kepler-462 c,Kepler-462,1,207.62,,4,6,0.11,,,7500,1.57,1.59,596.625,0.5636900013,5
Kepler-47 b,Kepler-47,1,49.4643,0.2877,3.05,2.07,0.021,,,,0.936,0.957,1025.02,0.3344873752,7
Kepler-47 c,Kepler-47,1,303.227,0.9638,4.65,3.17,0.044,,,,0.936,0.957,1025.02,0.2203750481,8
Kepler-47 d,Kepler-47,1,187.366,0.6992,7.04,19.02,0.024,,,,0.936,0.957,1025.02,0.5768650904,5
Kepler-51 b,Kepler-51,0,45.1542,,6.89,3.69,0.03,,,5670,0.881,0.985,783.831,0.1168414629,9
Kepler-51 b,Kepler-51,1,45.154,0.2514,9.23,2.1,0.04,,543,6018,0.94,1.04,783.831,0.0626197978,9
Kepler-51 b,Kepler-51,0,45.155,,8.6,2.3,,,,,,1.1,783.831,0.04674552021,10
Kepler-51 b,Kepler-51,0,45.15405,,9.83,3.5,0.026,,,5674,0.87,0.96,783.831,0.05461019505,10
Kepler-51 b,Kepler-51,0,45.15396,,6.83,6.7,0.0162,,,5674,0.87,0.96,783.831,0.2158949376,8
Kepler-51 c,Kepler-51,0,85.3147,,6.4,6.09,0.0093,,,5674,0.87,0.96,783.831,0.2234942778,8
Kepler-51 c,Kepler-51,0,85.313,,9.31,9.7,,,,,0.972,1.05,783.831,0.1682214747,8
Kepler-51 c,Kepler-51,0,85.316,,6.4,3.9,,,,,,1.1,783.831,0.1431244144,9
Kepler-51 c,Kepler-51,0,85.3139,,8.98,4.43,0.01,,,5670,0.881,0.985,783.831,0.08257719309,9
Kepler-51 c,Kepler-51,0,85.3139,,6.4,5.65,0.063,,,5674,0.87,0.96,783.831,0.2073469081,8
Kepler-51 c,Kepler-51,1,85.312,0.384,9,4,0.014,,439,6018,0.94,1.04,783.831,0.07423078206,9
Kepler-51 d,Kepler-51,0,130.1858,,9.32,6.6,0.0061,,,5674,0.87,0.96,783.831,0.114214482,9
Kepler-51 d,Kepler-51,0,130.182,,9.32,5.6,0.048,,,5674,0.87,0.96,783.831,0.09690925747,9
Kepler-51 d,Kepler-51,1,130.194,0.509,9.7,7.6,0.008,,381,6018,0.94,1.04,783.831,0.1214169132,9
Kepler-51 d,Kepler-51,0,130.18,,11.8,6.2,,,,,,1.1,783.831,0.06693245251,9
Kepler-51 d,Kepler-51,0,130.1845,,9.46,5.7,0.01,,,5670,0.881,0.985,783.831,0.09574181286,9
Kepler-56 b,Kepler-56,1,10.5016,0.1028,6.51,22.1,,,,4840,4.23,1.32,912.994,0.7838615468,3
Kepler-60 c,Kepler-60,0,8.919,,1.8,2,,,,,,1,1025.1,0.9278847758,2
Kepler-7 b,Kepler-7,0,4.885525,0.06224,16.567,137.615,0,,1540,5933,1.843,1.347,922.562,0.7536801785,3
Kepler-7 b,Kepler-7,0,4.8854886,0.0633,18.483641,142.70567,0.026,,,5933,2.028,1.413,922.562,0.6278779663,4
Kepler-7 b,Kepler-7,0,4.8854922,0.06324,18.483641,143.97699,,,1619,5933,2.028,1.413,922.562,0.6334715339,4
Kepler-7 b,Kepler-7,1,4.8854892,0.06067,18.180998,140.16303,,,1630,5933,1.966,1.359,922.562,0.637392726,4
Kepler-7 b,Kepler-7,0,4.8854948,0.0613,17.956818,135.07775,,,1621,5933,1.969,1.28,922.562,0.6297006184,4
Kepler-79 c,Kepler-79,1,27.4029,0.187,3.72,5.9,0.03,,,6174,1.302,1.165,1020.72,0.6408777523,4
Kepler-79 d,Kepler-79,1,52.0902,0.287,7.16,6,0.025,,,6174,1.302,1.165,1020.72,0.175927718,8
Kepler-79 d,Kepler-79,0,52.090767,,6.912,11.3,,,,,1.283,1.244,1020.72,0.355533107,7
Kepler-79 e,Kepler-79,0,81.064,,2.9,3.4,,,,,,1.1,1020.72,0.6077038459,5
Kepler-79 e,Kepler-79,0,81.063633,,3.414,6.3,,,,,1.283,1.244,1020.72,0.8124985218,3
Kepler-79 e,Kepler-79,1,81.0659,0.386,3.49,4.1,0.012,,,6174,1.302,1.165,1020.72,0.5059901545,5
Kepler-80 b,Kepler-80,0,7.0534,,2.367,3.5,0.0049,,,4540,0.678,0.73,369.451,0.9390324322,2
Kepler-80 c,Kepler-80,0,9.5231,,2.507,3.49,0.0079,,,4540,0.678,0.73,369.451,0.8346911767,2
Kepler-80 g,Kepler-80,0,14.651,,1.05,0.065,0.1303,,,4540,0.678,0.73,369.451,0.0886224643,9
Kepler-81 c,Kepler-81,0,12.04,,2.7,4.3,,,,,0.653,0.682,348.291,0.8866454524,2
Kepler-82 c,Kepler-82,0,51.535,,5.28,18.4,,,,,0.928,0.97,904.326,0.9921082055,1
Kepler-82 c,Kepler-82,1,51.54,0.2626,5.34,13.9,0.007,,,,0.898,0.91,904.326,0.7327255741,3
Kepler-85 b,Kepler-85,1,8.3,,1.778,1.84,0.02,,,5505.2,0.875,0.928,765.025,0.8749099858,2
Kepler-85 c,Kepler-85,1,12.51,,1.978,2.15,0.027,,,5505.2,0.875,0.928,765.025,0.8260283425,3
Kepler-85 e,Kepler-85,0,25.215,,1.2,0.6,,,,,,0.9,765.025,0.6263222236,4
Kepler-87 c,Kepler-87,1,191.2318,0.676,6.14,6.4,0.039,,403,5600,1.82,1.1,1232.9,0.255183327,8
Kepler-9 b,Kepler-9,0,19.243,,8.2,43.5,,,,,,1,628.257,0.9724574681,1
Kepler-9 b,Kepler-9,0,19.27082403,0.14178818,8.09,25.90393345,0,,,,,1.024,628.257,0.5949462563,5
Kepler-9 b,Kepler-9,1,19.23891,0.143,8.29,43.4,0.0609,,,5774,0.958,1.022,628.257,0.9492699478,1
Kepler-9 c,Kepler-9,0,38.969,,8.3,29.9,,,,,,1,628.257,0.6524151948,4
Kepler-9 c,Kepler-9,1,38.9853,0.227,8.08,29.9,0.06691,,,5774,0.958,1.022,628.257,0.6884264222,4
Kepler-9 c,Kepler-9,0,38.91,0.225,9.225,54.347,0.13,,,5754,1.0504,1.03,628.257,0.9599572427,1
Kepler-9 c,Kepler-9,0,38.90787517,0.226498247,8.106,27.28726784,0,,,,,1.024,628.257,0.6242462162,4
Kepler-98 b,Kepler-98,0,1.541676628,0.02612643,1.87,2.07243356,0,,,,,1.001,350.315,0.8908538619,2
L 98-59 b,L 98-59,1,2.253114,0.0223,0.837,0.46,0.031,24.5,620,3415,0.3155,0.2923,10.6194,0.9869973335,1
L 98-59 b,L 98-59,0,2.2531136,0.02191,0.85,0.4,0.103,24.7,627,3415,0.303,0.273,10.6194,0.8322066916,3
L 98-59 d,L 98-59,1,7.450729,0.0494,1.627,1.64,0.006,4.97,416,3415,0.3155,0.2923,10.6194,0.9312747027,2
LTT 1445 A c,LTT 1445 A,0,3.123898,0.0226,1.6,1,0.05,,,,0.276,0.249,6.86929,0.5871770847,5
NGTS-12 b,NGTS-12,1,7.532806,0.0757,11.747032,66.10864,0,416,1257,5690,1.589,1.021,446.442,0.7201301315,4
NGTS-26 b,NGTS-26,1,4.5199279,0.049,14.88552637,92.80589484,0,523,1331,5550,1.16,0.96,1093.69,0.629587698,4
NGTS-5 b,NGTS-5,1,3.3569866,0.0382,12.733424,72.78307,0,,952,4987,0.739,0.661,306.779,0.674759539,4
OGLE-TR-10 b,OGLE-TR-10,0,3.101278,0.04516,19.27948,216.1244,,,1702,6075,1.52,1.277,1344.97,0.8740217338,2
Qatar-8 b,Qatar-8,1,3.71495,0.0474,14.403565,117.91493,0,,1457,5738,1.315,1.029,281.498,0.8543540205,2
TIC 365102760 b,TIC 365102760,1,4.21285367,0.0622,6.21,19.2,0.406,,,4900,3.13,1.17,555.546,0.7483884771,3
TOI-1064 c,TOI-1064,1,12.226574,0.09429,2.651,2.5,0.088,26.8,634,4734,0.726,0.748,68.0726,0.5347239259,5
TOI-1135 b,TOI-1135,0,8.02773,0.082,9.02,51.42,0,,1198.9,6122,1.16,1.125,114.048,0.9500097465,1
TOI-1136 d,TOI-1136,0,12.51861,0.107,4.62115423,12.3,0,,766.21,5805,0.9573,1.0404,84.5362,0.8657913621,2
TOI-1173 b,TOI-1173,0,7.06456,0.071,9.01941098,28.3,0,,868.95,5415,0.9361,0.945,132.353,0.5229246883,5
TOI-1173 b,TOI-1173,1,7.06466,0.0696,9.19,27.4,0.023,132,868,5350,0.934,0.911,132.353,0.4876728789,6
TOI-1246 d,TOI-1246,0,18.6559,0.131,3.51,5.3,,28,586,5151,0.86,0.87,169.422,0.646652112,4
TOI-1246 d,TOI-1246,1,18.654874,0.132,3.43139739,5.4,0,,587.77,5213,0.8649,0.8889,169.422,0.6893833503,4
TOI-1248 b,TOI-1248,1,4.3601561,0.051,6.8084859,27.4,0,,952.09,5205,0.8686,0.9042,168.735,0.88850227,2
TOI-1266 b,TOI-1266,0,10.894841,0.0728,2.62,4.23,0.22,5.5,425,3618,0.436,0.431,36.0118,0.9262897288,2
TOI-1266 c,TOI-1266,0,18.801611,0.1047,2.13,2.88,0.34,2.7,354,3618,0.436,0.431,36.0118,0.9542064427,1
TOI-1273 b,TOI-1273,1,4.631296,0.0549,11.09689089,70.55790635,0.055,,1211,5690,1.06,1.06,177.118,0.8612953797,2
TOI-1294 b,TOI-1294,1,3.915292,0.051,10.12369881,63.9,0,,1392.74,5718,1.5566,1.1578,332.648,0.937198295,2
TOI-1296 b,TOI-1296,0,3.9443715,0.0497,13.79825524,94.71286529,0.055,,1562,5603,1.664,1.17,323.265,0.7477728458,3
TOI-1296 b,TOI-1296,1,3.9443736,0.051,14.11645916,95.3,0,,1414.84,5567,1.7031,1.1576,323.265,0.7188700866,4
TOI-1338 b,TOI-1338 A,1,95.4001,,7.661,11.3,0.0331,,,,1.313,1.0936,399.017,0.289412032,7
TOI-1420 b,TOI-1420,1,6.9561063,0.071,11.89,25.1,0.17,139,957,5510,0.923,0.987,201.918,0.2668818724,8
TOI-1422 b,TOI-1422,1,12.9972,0.108,3.96,9,0.04,,867,5840,1.019,0.981,155.141,0.8627027874,2
TOI-1453 c,TOI-1453,1,6.5886982,,2.224,2.95,0,75.3,819.8,4975,0.72,0.715,78.7415,0.8965231612,2
TOI-1758 b,TOI-1758,0,20.705127,0.138,3.5573684,6.9,0,,551.44,5151,0.8155,0.8253,96.6215,0.8195972047,3
TOI-178 d,TOI-178,1,6.5577,0.0592,2.572,3.01,,,690,4316,0.651,0.65,62.699,0.6839646099,4
TOI-178 g,TOI-178,1,20.7095,0.1275,2.87,3.94,,,470,4316,0.651,0.65,62.699,0.719020863,4
TOI-1803 c,TOI-1803,1,12.885779,0.097,4.29,8,0,22,588,4687,0.715,0.756,119.24,0.6534080283,4
TOI-1836 b,TOI-1836,0,20.380845,0.157,8.28055741,24.7,0,,889.51,6237,1.6454,1.2518,191.649,0.5414855504,5
TOI-1836 b,TOI-1836,0,20.38084,,8.56366125,29.24021344,0.13,,,6198,1.63,1.23,191.649,0.5993363832,5
TOI-1836 b,TOI-1836,1,20.380799,0.1597,8.00321222,38.45723725,0,,966,6380,1.577,1.307,191.649,0.9025234167,2
TOI-1842 b,TOI-1842,1,9.5739181,0.1,12.3485023,89.4,0.276,,1199.55,6039,2.032,1.4643,223.465,0.8812883083,2
TOI-1842 b,TOI-1842,0,9.5739,0.1001,11.65733993,68.0152791,,,,6230,2.02,1.46,223.465,0.7523442857,3
TOI-1842 b,TOI-1842,0,9.574,,11.88151954,60.38739733,0.13,,,6033,2.03,1.45,223.465,0.6430006363,4
TOI-199 b,TOI-199,1,104.854,0.4254,9.07927437,54.03082919,0.09,,,5255,0.82,0.936,102.27,0.9852544734,1
TOI-216.02,TOI-216,0,17.089,0.1293,7.69,30,0.132,25.9,628,5026,0.838,0.874,177.945,0.7625663529,3
TOI-216.02,TOI-216,1,17.16073,,8,18.75187601,0.16,,,,0.748,0.77,177.945,0.4404268755,6
TOI-2328 b,TOI-2328,1,17.10197,0.127,9.97599282,50.85254512,0.057,,842,5525,0.9,0.95,231.782,0.7680853853,3
TOI-2525 b,TOI-2525,1,23.2856,0.1511,8.67575106,26.69758619,0.17,,,5096,0.785,0.849,395.398,0.5331714635,5
TOI-2567 b,TOI-2567,1,5.983944,0.0672,10.92875618,63.88350981,0,558,1352,5611,1.686,1.13,504.775,0.8040005731,3
TOI-2580 b,TOI-2580,1,3.39775,0.048,17.37392009,200.2318964,0.08,1730,2410,6120,1.81,1.33,379.253,0.9971182954,1
TOI-2583 A b,TOI-2583 A,1,4.5207265,0.0571,14.4595851,79.45710175,0,750.9,1456,5936,1.477,1.215,566.189,0.5712551394,5
TOI-2587 A b,TOI-2587 A,1,5.45664,0.0635,12.07207221,69.28659273,0,728,1445,5760,1.726,1.15,373.675,0.7146520098,4
TOI-2641 b,TOI-2641,1,4.880974,0.0607,18.10250383,122.6817651,0.18,602,1387,6100,1.336,1.16,344.045,0.5627451794,5
TOI-2669 b,TOI-2669,1,6.2034,,19.72780603,193.8753283,0.09,,,4800,4.1,1.19,393.443,0.7488141313,3
TOI-2796 b,TOI-2796,1,4.8084983,0.0569,17.26183028,139.8444991,0,352,1205,5764,1.069,1.063,350.343,0.7054736007,4
TOI-2876 b,TOI-2876,1,6.2996431,0.0654,9.6397234,54.03082919,0.13,124.2,929,5271,0.873,0.939,225.744,0.8740203634,2
TOI-3682 b,TOI-3682,1,3.3462406,0.048,12.80065596,69.28659273,0.22,1258,1657,5703,1.735,1.32,404.211,0.6356145319,4
TOI-3757 b,TOI-3757,1,3.438753,0.03845,12,85.3,0.14,55.4,759,3913,0.62,0.64,181.139,0.890421428,2
TOI-3785 b,TOI-3785,1,4.6747373,0.043,5.14,14.95,0.11,19.1,582,3576,0.5,0.52,79.7634,0.8505973362,2
TOI-3884 b,TOI-3884,0,4.5445697,0.0354,6,16.5,0.32,7.42,463,3269,0.3043,0.2813,43.1448,0.6889544461,4
TOI-3912 b,TOI-3912,1,3.4936264,0.0463,14.28024141,129.0383332,0,872.2,1512,5725,1.392,1.088,465.992,0.9511668582,1
TOI-3976 A b,TOI-3976 A,1,6.607662,0.0743,12.27383387,55.61997123,0,469,1295,5975,1.501,1.254,516.087,0.554982568,5
TOI-4010 c,TOI-4010,1,5.414654,0.058,5.93,20.31,0.03,112,907,4960,0.83,0.88,177.504,0.868179647,2
TOI-421 c,TOI-421,0,16.06819,0.1189,5.09,16.42,0.152,34.32,673.6,5325,0.871,0.852,74.7969,0.9526791308,1
TOI-421 c,TOI-421,1,16.067541,0.117,5.09,14.1,0.19,,635,5291,0.866,0.833,74.7969,0.8180740405,3
TOI-4329 b,TOI-4329,1,2.9223,,16.81347105,143.0227832,0.068,,,6000,2.31,1.538,717.128,0.7605005419,3
TOI-4734 b,TOI-4734,1,6.235633,0.074,10.9175472,61.65871096,0.12,775,1468,6070,1.857,1.391,563.068,0.7775948012,3
TOI-5398 b,TOI-5398,1,10.590547,0.098,10.3,58.7,0.13,,947,6000,1.051,1.146,130.855,0.8317115173,3
TOI-561 c,TOI-561,0,10.778831,0.0884,2.91,5.39,0.03,68.2,800,5372,0.843,0.806,85.799,0.9567794764,1
TOI-561 c,TOI-561,0,10.779,0.08809,2.878,5.4,0.06,,,5455,0.849,0.785,85.799,0.9799890978,1
TOI-615 b,TOI-615,1,4.6615983,0.0678,18.97680433,138.2553571,0.39,1286,1666,6850,1.732,1.449,360.408,0.5770917593,5
TOI-640 b,TOI-640,1,5.003777,,19.2794468,181.162192,0.013,,1816,6460,2.082,1.536,341.997,0.7326347163,3
TOI-6894 b,TOI-6894,1,3.37077196,0.02604,9.5836785,53.39517238,0.029,5.54,417.9,3007,0.2276,0.207,73.8131,0.8738695049,2
TOI-954 b,TOI-954,1,3.6849729,0.04963,9.550068,55.30242,0.14,1393,1526,5710,1.892,1.201,238.768,0.9114655781,2
TRAPPIST-1 d,TRAPPIST-1,1,4.049219,0.02227,0.788,0.388,,1.115,,2566,0.1192,0.0898,,0.9392654646,2
TRAPPIST-1 d,TRAPPIST-1,0,,0.02228038,0.784,0.297,0.00837,,,,,0.089,,0.7263290052,3
TRAPPIST-1 f,TRAPPIST-1,0,9.20669,0.0371,1.045,0.68,0.063,0.382,219,2559,0.117,0.0802,,0.9360205755,2
TRAPPIST-1 h,TRAPPIST-1,0,,0.06193488,0.773,0.331,0.00567,,,,,0.089,,0.8326798773,3
TRAPPIST-1 h,TRAPPIST-1,1,18.772866,0.06189,0.755,0.326,,0.144,,2566,0.1192,0.0898,,0.8596719579,2
TrES-4 b,TrES-4,0,3.55392771,0.05159,20.602142,158.27934,0.015,,,6295,1.81,1.45,515.98,0.5605424945,5
TrES-4 b,TrES-4,0,3.55392771,0.0516,20.602142,157.00802,0.016,,1795,6295,1.81,1.45,515.98,0.5560401451,5
WASP-1 b,WASP-1,0,2.51995,0.0382,21.63337,282.8687,0,,,6200,1.24,1.15,393.072,0.908543241,2
WASP-101 b,WASP-101,0,3.585722,0.05057,15.80469,157.96151,0.068,,,6380,1.29,1.34,201.224,0.9505793523,1
WASP-101 b,WASP-101,0,3.585722,0.0506,15.8,158.91,0,,1560,6400,1.29,1.34,201.224,0.9568549709,1
WASP-101 b,WASP-101,1,3.58572,,16.02887,162.0933,0,,,6380,1.31,1.41,201.224,0.9483492704,1
WASP-107 b,WASP-107,0,5.72149242,0.0553,10.357116,37.82177,0,,736,,0.657,0.691,64.7414,0.5299967814,5
WASP-107 b,WASP-107,0,5.72149,0.055,10.53646,38.1396,0,,770,4430,0.66,0.69,64.7414,0.5164113181,5
WASP-107 b,WASP-107,0,5.7214742,0.0558,10.626132,38.1396,0,,,4430,0.66,0.69,64.7414,0.5077322909,5
WASP-107 b,WASP-107,0,5.7214742,,10.55,30.6,,51,672.5,4425,0.67,,64.7414,0.4132620929,6
WASP-113 b,WASP-113,1,4.542168745,0.05885,15.793481,150.96925,0,,1496,5890,1.608,1.318,435.156,0.9097914196,2
WASP-118 b,WASP-118,1,4.0460435,0.05453,16.14096,163.36462,0,,1729,6410,1.696,1.32,376.658,0.9425585733,2
WASP-127 b,WASP-127,0,4.178062,0.052,15.35633,57.2094,,,1400,5620,1.39,1.08,159.507,0.364671299,7
WASP-127 b,WASP-127,1,4.17806203,0.0484,14.694999,52.346601,0,,,,1.333,0.95,159.507,0.3643832701,7
WASP-13 b,WASP-13,0,4.353011,0.0557,17.127352,162.72896,,,1531,5826,1.657,1.22,227.537,0.8338606228,2
WASP-13 b,WASP-13,1,4.35301,,13.67498,114.4188,0,,,5950,1.37,0.72,227.537,0.9197145405,2
WASP-13 b,WASP-13,0,4.353011,0.05362,15.569,151.599,0,,,,1.559,1.09,227.537,0.9401214525,2
WASP-13 b,WASP-13,0,4.3530135,,15.771063,158.915,0,,,5989,,1.187,227.537,0.9603997154,1
WASP-13 b,WASP-13,0,4.353011,0.0558,17.127352,166.86075,0.016,,,5830,1.657,1.22,227.537,0.8550328651,2
WASP-131 b,WASP-131,1,5.3220125,0.0608,13.74221034,86.76715511,0,,,5990,1.561,1.06,200.075,0.6906392219,4
WASP-131 b,WASP-131,0,5.322023,0.0607,13.67498,85.8141,0,,1460,6030,1.53,1.06,200.075,0.6897859054,4
WASP-139 b,WASP-139,1,5.924262,0.062,8.9672,37.18611,0,,910,5310,0.8,0.92,212.472,0.6951461167,4
WASP-147 b,WASP-147,1,4.60273,0.0549,12.498035,87.40325,0,,1404,5702,1.429,1.044,436.098,0.8411107281,2
WASP-151 b,WASP-151,0,4.533471,0.055,12.66617,98.5273,0.003,460,1290,5871,1.14,1.077,453.099,0.9231558371,2
WASP-151 b,WASP-151,1,4.5334775,0.055,13.30506009,100.4337766,0,,1312,,1.181,1.081,453.099,0.85281568,2
WASP-153 b,WASP-153,1,3.332609,0.048,17.37395,123.9537,0.009,1400,1700,5914,1.73,1.336,610.176,0.6172646752,4
WASP-160 B b,WASP-160 B,1,3.7684952,0.0452,12.21781,88.35674,0,,1119,5298,0.868,0.87,288.326,0.8897377418,2
WASP-166 b,WASP-166,1,5.44354,0.0641,7.06167,32.10083,0,440,1270,6050,1.22,1.19,114.173,0.9676325924,1
WASP-168 b,WASP-168,1,4.153658,0.0519,16.8135,133.4886,0,,1340,6000,1.12,1.08,303.941,0.7098016189,4
WASP-17 b,WASP-17,0,3.73,,21.18501,162.0933,,,1740,6548,1.57323,1.354,405.908,0.542896174,5
WASP-17 b,WASP-17,0,3.735433,0.05,22.261074,143.97699,0.11,,,6650,1.579,1.2,405.908,0.436726884,6
WASP-17 b,WASP-17,0,3.7354845,0.05151,22.317119,162.72896,0.02,,,6650,1.572,1.306,405.908,0.4911313468,6
WASP-17 b,WASP-17,1,3.73543,,20.96083,247.9074,0,,,6550,1.49,2.28,405.908,0.8481674525,2
WASP-17 b,WASP-17,0,3.7354417,0.051,19.5,156,0.129,,,6550,1.38,1.2,405.908,0.6166864972,4
WASP-17 b,WASP-17,0,3.735438,0.0513,19.582123,154.46538,0,,,,1.572,1.306,405.908,0.6055090974,5
WASP-17 b,WASP-17,0,3.7354845,0.05125,21.655788,151.60491,0,,1755,,1.583,1.286,405.908,0.4859307117,6
WASP-17 b,WASP-17,0,3.735438,0.0515,22.317119,154.46538,0.028,,1771,6650,1.572,1.306,405.908,0.466191083,6
WASP-172 b,WASP-172,1,5.477433,0.0694,17.59813,149.3801,0,,1740,6900,1.91,1.49,538.11,0.7250513513,3
WASP-172 b,WASP-172,0,5.477433,,17.5980997,149.3793513,0,,,6900,1.91,1.49,538.11,0.7250502141,3
WASP-174 b,WASP-174,1,4.2337005,0.05503,16.10730527,104.8833743,0,901.9,1528,6399,1.347,1.24,410.149,0.6076729932,5
WASP-177 b,WASP-177,1,3.071722,0.03957,17.71022,161.45764,,,1142,5017,0.885,0.876,176.818,0.7737840112,3
WASP-181 b,WASP-181,1,4.5195064,0.05427,13.271456,95.03117,,,1186,5839,0.965,1.04,437.495,0.8110320126,3
WASP-182 b,WASP-182,1,3.3769848,0.0451,9.52765,47.03884,0,,1479,5638,1.34,1.076,327.602,0.7789221918,3
WASP-183 b,WASP-183,1,4.1117771,0.04632,16.47723,159.55066,,,1111,5313,0.871,0.784,325.377,0.8833631142,2
WASP-193 b,WASP-193,1,6.2463345,0.0676,16.40994774,44.17814857,0.056,413,1254,6078,1.239,1.059,362.087,0.2466051711,8
WASP-195 b,WASP-195,1,5.051928,0.063,10.31226224,33.05415433,0,890,1522,6300,1.578,1.3,484.852,0.4672262311,6
WASP-20 b,WASP-20,0,4.8996284,0.05999,16.387558,98.84513,0.039,,,5940,1.392,1.2,211.877,0.5532683884,5
WASP-20 b,WASP-20,1,4.8996284,0.06,16.388,98.841,0,,1379,5940,1.392,1.2,211.877,0.5532154287,5
WASP-20 b,WASP-20,0,,0.0581,14.34752,120.13974,,,1282,,1.142,1.089,211.877,0.8772877674,2
WASP-21 b,WASP-21,0,4.322506,0.0516,14.156967,93.75985,,,1340,5800,1.186,0.98,258.426,0.7032107935,4
WASP-21 b,WASP-21,0,,,12.89035,92.1707,,,,5924,1.34757,1.08,258.426,0.8338204271,2
WASP-21 b,WASP-21,1,4.322482,0.052,11.99,95.345,0,,,,,,258.426,0.9969390798,1
WASP-21 b,WASP-21,0,4.3225126,0.05212,11.99363,94.39551,0.048,,,5800,1.06,1.01,258.426,0.9864137268,1
WASP-31 b,WASP-31,1,3.4059096,0.04659,17.363,151.916,0,,,6302,1.252,1.163,383.829,0.7574658365,3
WASP-31 b,WASP-31,0,3.405886,0.04663,17.362741,155.41887,0.047,,,6300,1.252,1.165,383.829,0.7749545578,3
WASP-31 b,WASP-31,0,3.4,,17.37395,152.5584,,,1580,6217,1.26867,1.2,383.829,0.7597103696,3
WASP-31 b,WASP-31,0,3.405909,0.04657,17.228233,151.92274,0,,,6300,1.241,1.161,383.829,0.7693967985,3
WASP-39 b,WASP-39,0,4.055259,0.0486,14.235,88.989,0,,,5400,0.895,0.93,213.982,0.6601314854,4
WASP-39 b,WASP-39,0,4.0552947,0.04859,14.23543,87.40325,0.048,,,5400,0.895,0.93,213.982,0.6483290253,4
WASP-39 b,WASP-39,0,4.0552765,0.04858,14.930388,89.94589,,,,,0.918,,213.982,0.6065242914,5
WASP-39 b,WASP-39,0,4.06,,14.23543,88.9924,,,1120,5326.6,1.01342,0.918,213.982,0.6601168258,4
WASP-39 b,WASP-39,1,4.0552941,0.04828,14.336311,89.31023,,,1166,5485,0.939,0.913,213.982,0.6531838589,4
WASP-54 b,WASP-54,0,3.6936411,0.04987,18.528,202.131,0.067,,1759,6100,1.828,1.213,251.303,0.8850848442,2
WASP-54 b,WASP-54,0,3.6936411,0.04988,18.528477,192.60498,0.06,,,6100,1.828,1.213,251.303,0.8433291851,2
WASP-54 b,WASP-54,1,3.69364,,17.71022,187.5197,0.07,,,6100,1.76,1.08,251.303,0.8986861547,2
WASP-63 b,WASP-63,1,4.37808,,15.80469,117.5971,0,,,5550,1.86,1.28,290.684,0.7076747692,4
WASP-63 b,WASP-63,0,4.37809,0.05417,14.90797,107.74437,0.086,,,5550,1.76,1.1,290.684,0.7287299677,3
WASP-63 b,WASP-63,0,4.37809,0.0574,16.029,120.77,0.22,,,5570,1.88,1.32,290.684,0.7065701272,4
WASP-67 b,WASP-67,0,4.6144109,0.05179,15.6926,133.4886,0.015,,,5200,0.87,0.87,189.469,0.8148232869,3
WASP-67 b,WASP-67,0,4.61442,0.0517,15.693,133.483,0.2,,,5240,0.87,0.87,189.469,0.8147475683,3
WASP-69 b,WASP-69,1,3.86813881,0.0453,11.21,82.58,0,,971,4792,0.801,0.83,49.9605,0.9878084047,1
WASP-69 b,WASP-69,0,3.8681382,0.04525,11.847913,82.6358,0,,963,4700,0.813,0.826,49.9605,0.8848987601,2
WASP-69 b,WASP-69,0,3.86814,,12.44199,92.1707,0,,,4700,0.86,0.98,49.9605,0.8949983889,2
WASP-69 b,WASP-69,0,3.8681382,0.04527,11.847913,79.4575,0.11,,,4700,0.813,0.826,49.9605,0.8508641924,2
WASP-76 b,WASP-76,1,1.80988198,0.033,20.78145022,284.1385959,0,4104,2228,6329,1.756,1.458,194.459,0.9889801871,1
WASP-78 b,WASP-78,0,2.175173,0.0367,23.09054,273.3338,0,,2469.7,6100,2.35,1.39,754.258,0.7706092605,3
WASP-79 b,WASP-79,0,3.6623866,0.0521,20.40038,267.93069,0.066,,,6600,1.69,1.42,246.69,0.9677317989,1
WASP-79 b,WASP-79,0,3.6623866,0.0535,23.43,286.03,0,,1900,6600,1.91,1.52,246.69,0.7832061203,3
WASP-88 b,WASP-88,0,4.954,0.06431,19.055,177.98,0,,1772,6431,2.08,1.45,523.756,0.7368216188,3
WASP-88 b,WASP-88,1,4.954,,16.36514,133.4886,0,,,6430,1.8,0.94,523.756,0.7492276423,3
WASP-88 b,WASP-88,0,4.954,0.06438,19.0553,181.1631,0.13,,,6430,2.08,1.45,523.756,0.7499757589,3
WASP-90 b,WASP-90,1,3.916243,0.0562,18.27067,200.2329,0,,1840,6430,1.98,1.55,466.433,0.9016449485,2
WASP-94 A b,WASP-94 A,0,3.9501907,0.055,19.28,143.653,0.13,,1604,6153,1.62,1.45,211.211,0.5809111396,5
WASP-94 A b,WASP-94 A,0,3.9501907,0.0554,19.27948,144.93048,0.064,,,6153,1.62,1.45,211.211,0.5861086921,5
WASP-94 A b,WASP-94 A,1,3.95019,,17.71022,158.915,0,,,6170,1.48,1.67,211.211,0.7615984363,3